Identifiant entrepôt,Nom court du lieu,Description entrepôt,Lieu entrepôt,Address,Zip,Town,ProductId,Réf.,Type,Libellé,Description,Note,Prix,TVA,OnSell,Durée,Date création,Date modification,Stock,
1,STOCK-LYON,,,47 RUE JEAN JAURES,42190,CHARLIEU,156,EN-GU10-BASE,0,DOUILLE GU10,,,1.00000000,0.000,1,,2013-04-25 21:54:07,2015-02-05 14:47:41,3690,
1,STOCK-LYON,,,47 RUE JEAN JAURES,42190,CHARLIEU,49,EN-GU10-5W-BF,0,GU10 - 5W - 90°,BLANC FROID,,22.00000000,20.000,1,,2013-03-23 19:14:19,2015-02-05 14:47:40,48,
1,STOCK-LYON,,,47 RUE JEAN JAURES,42190,CHARLIEU,24,EN-GU10-5W-BN,0,GU10 - 5W - 90°,BLANC NATUREL,,22.00000000,20.000,1,,2013-03-14 13:50:55,2015-02-05 14:47:41,-20,
1,STOCK-LYON,,,47 RUE JEAN JAURES,42190,CHARLIEU,46,EN-GU10-5W-BC,0,GU10 - 5W - 90°,BLANC CHAUD,,22.00000000,20.000,1,,2013-03-23 19:13:22,2014-12-01 15:59:21,86,
1,STOCK-LYON,,,47 RUE JEAN JAURES,42190,CHARLIEU,140,EN-STRGB-5050-5M-SE,0,RUBAN LED RGB- 14.4W / M,RGB,,71.40000000,0.000,1,,2013-03-25 18:11:57,2014-06-16 16:56:32,2,
1,STOCK-LYON,,,47 RUE JEAN JAURES,42190,CHARLIEU,139,EN-ST60-E-BF,0,RUBAN LED - 14.4W / M,BLANC FROID,,115.00000000,20.000,1,,2013-03-25 18:11:36,2014-09-17 14:39:48,-1,
1,STOCK-LYON,,,47 RUE JEAN JAURES,42190,CHARLIEU,36,EN-DR-18W,0,ALIMENTATION - 18W,IP66,,20.00000000,20.000,1,,2013-03-23 19:03:07,2014-09-17 14:41:53,0,
1,STOCK-LYON,,,47 RUE JEAN JAURES,42190,CHARLIEU,37,EN-DR-30W,0,ALIMENTATION - 30W,IP66,,25.00000000,20.000,1,,2013-03-23 19:03:30,2014-09-17 14:41:26,56,
1,STOCK-LYON,,,47 RUE JEAN JAURES,42190,CHARLIEU,74,EN-BU-10W-BF,0,AMPOULE BULBE - 10W,BLANC FROID,,23.00000000,0.000,1,,2013-03-23 19:27:52,2014-06-16 16:56:29,48,
1,STOCK-LYON,,,47 RUE JEAN JAURES,42190,CHARLIEU,72,EN-BU-10W-BN,0,AMPOULE BULBE - 10W,BLANC NATUREL,,23.00000000,0.000,1,,2013-03-23 19:27:21,2014-11-14 14:39:30,22,
1,STOCK-LYON,,,47 RUE JEAN JAURES,42190,CHARLIEU,62,EN-BU-5W-BF,0,AMPOULE BULBE - 5W,BLANC FROID,,18.00000000,0.000,1,,2013-03-23 19:23:41,2014-08-21 17:07:03,55,
1,STOCK-LYON,,,47 RUE JEAN JAURES,42190,CHARLIEU,60,EN-BU-5W-BN,0,AMPOULE BULBE - 5W,BLANC NATUREL,,18.00000000,0.000,1,,2013-03-23 19:23:04,2015-02-05 14:47:41,31,
1,STOCK-LYON,,,47 RUE JEAN JAURES,42190,CHARLIEU,68,EN-BU-7W-BF,0,AMPOULE BULBE - 7W,BLANC FROID,,20.00000000,0.000,1,,2013-03-23 19:25:59,2014-06-16 16:56:29,41,
1,STOCK-LYON,,,47 RUE JEAN JAURES,42190,CHARLIEU,66,EN-BU-7W-BN,0,AMPOULE BULBE - 7W,BLANC NATUREL,,20.00000000,0.000,1,,2013-03-23 19:25:26,2014-11-14 14:39:30,48,
1,STOCK-LYON,,,47 RUE JEAN JAURES,42190,CHARLIEU,132,EN-RD-5050-60,0,BARRE LED RIGIDE,1M - SMD5050 60 LEDS,,47.00000000,0.000,1,,2013-03-25 18:00:00,2014-06-30 09:16:18,27,
1,STOCK-LYON,,,47 RUE JEAN JAURES,42190,CHARLIEU,48,EN-GU10-COB-5W-BN-D,0,SPOT COB GU10 - 5W,BLANC NATUREL,,0.00000000,0.000,1,,2013-03-23 19:13:59,2014-06-16 16:56:28,0,
1,STOCK-LYON,,,47 RUE JEAN JAURES,42190,CHARLIEU,38,EN-DR-40W,0,ALIMENTATION - 40W,IP66,,35.00000000,20.000,1,,2013-03-23 19:03:46,2014-09-17 14:41:16,48,
1,STOCK-LYON,,,47 RUE JEAN JAURES,42190,CHARLIEU,25,EN-DR-9W,0,ALIMENTATION - 9W,,,17.00000000,20.000,1,,2013-03-14 13:52:10,2014-12-16 14:37:04,63,
1,STOCK-LYON,,,47 RUE JEAN JAURES,42190,CHARLIEU,23,EN-MR16-5W-BN,0,GU5.3 - 5W - 90°,BLANC NATUREL,,22.00000000,0.000,1,,2013-03-14 13:49:28,2014-12-16 14:37:07,149,
1,STOCK-LYON,,,47 RUE JEAN JAURES,42190,CHARLIEU,5,EN-ST-5050-5M-SE-BC,0,RUBAN LED - 14.4W / M,60L/M - SMD 5050 IP65 - COULE SILICONE BLANC CHAUD,,71.40000000,20.000,1,,2013-02-20 21:41:11,2014-01-13 19:22:18,0,
1,STOCK-LYON,,,47 RUE JEAN JAURES,42190,CHARLIEU,157,EN-LUXMETER,0,LUXMETRE,,,113.00000000,0.000,1,,2013-04-26 08:53:37,2014-06-16 16:56:33,0,
1,STOCK-LYON,,,47 RUE JEAN JAURES,42190,CHARLIEU,120,EN-FL-10W-BN,0,PROJECTEUR EXTERIEUR- 10W,BLANC NATUREL,,43.00000000,0.000,1,,2013-03-24 14:54:30,2014-06-16 16:56:31,0,
1,STOCK-LYON,,,47 RUE JEAN JAURES,42190,CHARLIEU,122,EN-FL-20W-BN,0,PROJECTEUR EXTERIEUR- 20W,BLANC NATUREL,,91.00000000,0.000,1,,2013-03-24 14:55:13,2014-06-16 16:56:31,0,
1,STOCK-LYON,,,47 RUE JEAN JAURES,42190,CHARLIEU,16,EN-MR16-5W-BC,0,GU5.3 - 5W - 90°,BLANC CHAUD,,22.00000000,0.000,1,,2013-02-26 16:46:15,2014-11-04 16:40:26,188,
1,STOCK-LYON,,,47 RUE JEAN JAURES,42190,CHARLIEU,44,EN-MR16-5W-BF,0,GU5.3 - 5W - 90°,BLANC FROID,,22.00000000,0.000,1,,2013-03-23 19:12:40,2014-06-16 16:56:27,26,
1,STOCK-LYON,,,47 RUE JEAN JAURES,42190,CHARLIEU,142,EN-AMP-12A,0,AMPLIFICATEUR 12A,,,34.00000000,0.000,1,,2013-03-25 18:18:58,2014-09-02 11:46:58,3,
1,STOCK-LYON,,,47 RUE JEAN JAURES,42190,CHARLIEU,141,EN-CTR-TL-12A,0,CONTROLEUR + TELECOMMANDE,,,41.00000000,20.000,1,,2013-03-25 18:18:23,2014-10-31 08:35:25,7,
1,STOCK-LYON,,,47 RUE JEAN JAURES,42190,CHARLIEU,76,EN-GB-13W-BC,0,AMPOULE GLOBE - 13W,BLANC CHAUD,,63.00000000,0.000,1,,2013-03-23 19:28:50,2014-06-16 16:56:29,6,
1,STOCK-LYON,,,47 RUE JEAN JAURES,42190,CHARLIEU,19,EN-GB-13W-BN,0,AMPOULE GLOBE - 13W,BLANC NATUREL,,63.00000000,0.000,1,,2013-02-28 19:42:41,2014-11-04 16:40:26,7,
1,STOCK-LYON,,,47 RUE JEAN JAURES,42190,CHARLIEU,124,EN-FL-30W-BN,0,PROJECTEUR EXTERIEUR- 30W,BLANC NATUREL,,148.00000000,0.000,1,,2013-03-24 14:55:51,2014-06-16 16:56:31,0,
1,STOCK-LYON,,,47 RUE JEAN JAURES,42190,CHARLIEU,126,EN-FL-50W-BN,0,PROJECTEUR EXTERIEUR- 50W,BLANC NATUREL,,244.00000000,0.000,1,,2013-03-24 14:56:28,2014-06-16 16:55:17,0,
1,STOCK-LYON,,,47 RUE JEAN JAURES,42190,CHARLIEU,10,EN-FA-4W-BN,0,AMPOULE FLAMME - 4W,BLANC NATUREL,,8.36000000,0.000,1,,2013-02-21 16:41:33,2014-11-14 14:39:30,3,
1,STOCK-LYON,,,47 RUE JEAN JAURES,42190,CHARLIEU,4,EN-PA-6060-42W-BN,0,DALLE LED - 42W,BLANC NATUREL,,280.00000000,20.000,1,,2013-02-20 20:20:41,2014-12-16 14:37:07,20,
1,STOCK-LYON,,,47 RUE JEAN JAURES,42190,CHARLIEU,22,EN-RD-5050-72-BF,0,BARRE LED RIGIDE,BLANC FROID,,50.00000000,0.000,1,,2013-03-11 17:40:34,2014-11-04 16:40:26,1,
1,STOCK-LYON,,,47 RUE JEAN JAURES,42190,CHARLIEU,145,EN-R7S-5W-BF,0,R7S - 5W,BLANC FROID,,19.00000000,0.000,1,,2013-03-25 18:22:35,2014-06-16 16:56:32,0,
1,STOCK-LYON,,,47 RUE JEAN JAURES,42190,CHARLIEU,167,EN-CHARBON,0,CHARBON,18MM * 16MM * 6MM,,4.30000000,0.000,1,,2013-05-27 17:21:06,2014-06-16 16:56:34,0,
1,STOCK-LYON,,,47 RUE JEAN JAURES,42190,CHARLIEU,40,EN-DR-100W,0,ALIMENTATION - 100W,IP66,,65.00000000,20.000,1,,2013-03-23 19:05:21,2014-09-17 14:42:12,9,
1,STOCK-LYON,,,47 RUE JEAN JAURES,42190,CHARLIEU,138,EN-ST60-E-BN,0,RUBAN LED - 14.4W / M,BLANC NATUREL,,115.10000000,20.000,1,,2013-03-25 18:11:07,2014-12-16 14:37:08,12,
1,STOCK-LYON,,,47 RUE JEAN JAURES,42190,CHARLIEU,41,EN-DR-150W,0,ALIMENTATION - 150W,IP66,,85.00000000,20.000,1,,2013-03-23 19:05:43,2014-09-17 14:42:02,22,
1,STOCK-LYON,,,47 RUE JEAN JAURES,42190,CHARLIEU,39,EN-DR-60W,0,ALIMENTATION - 60W,IP66,,50.00000000,20.000,1,,2013-03-23 19:04:59,2014-09-17 14:41:02,46,
1,STOCK-LYON,,,47 RUE JEAN JAURES,42190,CHARLIEU,116,EN-DL-15W-BN,0,DOWNLIGHT - 15W,BLANC NATUREL,,105.00000000,20.000,1,,2013-03-24 14:44:28,2014-06-18 15:14:34,8,
1,STOCK-LYON,,,47 RUE JEAN JAURES,42190,CHARLIEU,169,EN-BARRESOL,0,Profilé encastré long 1ml,,,0.00000000,0.000,1,,2013-07-10 14:39:10,2014-06-16 16:56:34,4,
1,STOCK-LYON,,,47 RUE JEAN JAURES,42190,CHARLIEU,111,EN-DLP-15W-BN,0,DOWNLIGHT - 15W,BLANC NATUREL,,76.00000000,0.000,1,,2013-03-24 14:39:34,2014-06-16 16:56:31,2,
1,STOCK-LYON,,,47 RUE JEAN JAURES,42190,CHARLIEU,172,EN-FL-30W-RGB,0,PROJECTEUR EXTERIEUR- 30W,RGB ALIMENTATION ET TELECOMMANDE INCLUSE,,175.00000000,20.000,1,,2013-07-26 16:37:42,2014-09-17 15:16:05,8,
1,STOCK-LYON,,,47 RUE JEAN JAURES,42190,CHARLIEU,136,EN-ST-5050-5M-SE-BF,0,RUBAN LED - 14.4W / M,BLANC FROID,,71.40000000,0.000,1,,2013-03-25 18:08:54,2014-06-16 16:56:32,3,
1,STOCK-LYON,,,47 RUE JEAN JAURES,42190,CHARLIEU,170,EN-FL-10W-RGB,0,PROJECTEUR EXTERIEUR- 10W,RGB ALIMENTATION ET TELECOMMANDE INCLUSE,,75.00000000,20.000,1,,2013-07-26 16:33:06,2014-09-17 15:15:44,10,
1,STOCK-LYON,,,47 RUE JEAN JAURES,42190,CHARLIEU,171,EN-FL-20W-RGB,0,PROJECTEUR EXTERIEUR- 20W,RGB ALIMENTATION ET TELECOMMANDE INCLUSE,,125.00000000,20.000,1,,2013-07-26 16:35:16,2014-09-17 15:15:55,11,
1,STOCK-LYON,,,47 RUE JEAN JAURES,42190,CHARLIEU,168,EN-HUB-18W,0,Hublot LED - 18W,,,0.00000000,0.000,1,,2013-06-12 23:14:32,2014-06-16 16:56:34,0,
1,STOCK-LYON,,,47 RUE JEAN JAURES,42190,CHARLIEU,183,EN-ST-5050-5M-BC,0,RUBAN LED - 14.4W / M,BLANC CHAUD,,103.40000000,0.000,1,,2013-09-25 15:29:33,2014-06-16 16:56:35,79,
1,STOCK-LYON,,,47 RUE JEAN JAURES,42190,CHARLIEU,89,EN-PA-12060-85W-BN,0,DALLE LED - 85W,BLANC NATUREL,,488.00000000,20.000,1,,2013-03-23 19:51:54,2014-11-27 09:41:54,10,
1,STOCK-LYON,,,47 RUE JEAN JAURES,42190,CHARLIEU,86,EN-PA-12030-45W-BN,0,DALLE LED - 45W,BLANC NATUREL,,280.00000000,20.000,1,,2013-03-23 19:51:04,2014-11-27 09:41:23,18,
1,STOCK-LYON,,,47 RUE JEAN JAURES,42190,CHARLIEU,176,EN-FL-10W-DET,0,PROJECTEUR EXTERIEUR- 10W,DETECTEUR PRESENCE ALIMENTATION INCLUSE,,59.00000000,20.000,1,,2013-09-16 10:24:28,2014-12-16 14:37:05,12,
1,STOCK-LYON,,,47 RUE JEAN JAURES,42190,CHARLIEU,26,EN-T8-120-18W-BN,0,TUBE T8 - 18W,BLANC NATUREL,,64.00000000,0.000,1,,2013-03-14 13:52:52,2014-06-16 16:56:25,-4,
1,STOCK-LYON,,,47 RUE JEAN JAURES,42190,CHARLIEU,30,EN-T8-150-23W-BF,0,TUBE T8 - 23W,BLANC FROID,,84.00000000,0.000,1,,2013-03-19 23:54:48,2014-06-16 16:56:26,0,
1,STOCK-LYON,,,47 RUE JEAN JAURES,42190,CHARLIEU,180,EN-T8-120-18W-DET,0,TUBE T8 - 18W,DETECTEUR PRESENCE,,81.00000000,0.000,1,,2013-09-16 10:30:20,2014-06-16 16:56:35,1,
1,STOCK-LYON,,,47 RUE JEAN JAURES,42190,CHARLIEU,184,EN-MUS,0,LED MUSICALE,,,137.50000000,0.000,1,,2013-10-14 17:02:02,2014-06-16 16:56:35,1,
1,STOCK-LYON,,,47 RUE JEAN JAURES,42190,CHARLIEU,155,EN-CONDO-12MF,0,CONDENSATEUR 12MF,,,5.00000000,0.000,1,,2013-04-22 16:15:39,2014-12-11 15:39:13,300,
1,STOCK-LYON,,,47 RUE JEAN JAURES,42190,CHARLIEU,95,EN-DLR-20W-BN,0,DOWNLIGHT ROTATIF - 20W,BLANC NATUREL,,140.00000000,0.000,1,,2013-03-24 14:27:15,2014-06-16 16:56:30,-2,
1,STOCK-LYON,,,47 RUE JEAN JAURES,42190,CHARLIEU,123,EN-FL-20W-BF,0,PROJECTEUR EXTERIEUR- 20W,BLANC FROID,,91.00000000,20.000,1,,2013-03-24 14:55:32,2014-09-17 15:11:58,6,
1,STOCK-LYON,,,47 RUE JEAN JAURES,42190,CHARLIEU,185,EN-DR-200W,0,ALIMENTATION - 200W,IP66,,126.00000000,20.000,1,,2013-10-28 11:18:51,2014-09-03 14:40:49,2,
1,STOCK-LYON,,,47 RUE JEAN JAURES,42190,CHARLIEU,188,EN-GU10-7W-BC,0,GU10 - 7W - 90°,BLANC CHAUD,,28.00000000,20.000,1,,2013-11-06 16:25:37,2014-12-01 15:08:24,47,
1,STOCK-LYON,,,47 RUE JEAN JAURES,42190,CHARLIEU,194,EN-ST60-BN,0,RUBAN LED - 14.4W / M - NE,BLANC NATUREL,,104.00000000,20.000,1,,2013-11-07 09:39:00,2014-09-17 14:40:15,10,
1,STOCK-LYON,,,47 RUE JEAN JAURES,42190,CHARLIEU,193,EN-ST-DIM,0,TELECOMMANDE - VARIATEUR - 144W,,,41.00000000,0.000,1,,2013-11-06 23:58:46,2014-09-02 11:46:58,4,
1,STOCK-LYON,,,47 RUE JEAN JAURES,42190,CHARLIEU,146,EN-R7S-8W-BN,0,R7S - 8W,BLANC NATUREL,,23.00000000,0.000,1,,2013-03-25 18:22:51,2014-09-19 15:58:03,1,
1,STOCK-LYON,,,47 RUE JEAN JAURES,42190,CHARLIEU,154,EN-CONDO-8MF,0,CONDENSATEUR 8MF,,,5.00000000,0.000,1,,2013-04-22 16:14:45,2014-12-11 15:39:14,300,
1,STOCK-LYON,,,47 RUE JEAN JAURES,42190,CHARLIEU,206,EN-PA-DIM,0,VARIATEUR - TELECOMMANDE,,,75.00000000,20.000,1,,2013-11-13 15:25:03,2014-11-27 09:45:42,1,
1,STOCK-LYON,,,47 RUE JEAN JAURES,42190,CHARLIEU,121,EN-FL-10W-BF,0,PROJECTEUR EXTERIEUR- 10W,BLANC FROID,,43.00000000,20.000,1,,2013-03-24 14:54:50,2014-09-15 15:45:05,1,
1,STOCK-LYON,,,47 RUE JEAN JAURES,42190,CHARLIEU,177,EN-FL-20W-DET,0,PROJECTEUR EXTERIEUR- 20W,DETECTEUR PRESENCE ALIMENTATION INCLUSE,,108.00000000,20.000,1,,2013-09-16 10:26:23,2014-09-17 15:14:42,12,
1,STOCK-LYON,,,47 RUE JEAN JAURES,42190,CHARLIEU,195,EN-ST-RGB-E,0,RUBAN LED RGB- 14.4W / M,RGB,,116.00000000,0.000,1,,2013-11-07 09:43:10,2014-08-18 11:23:30,-9,
1,STOCK-LYON,,,47 RUE JEAN JAURES,42190,CHARLIEU,211,EN-ST30-E-BN,0,RUBAN LED - 7.2W / M,GAINE SILICONE,,92.00000000,0.000,1,,2013-11-20 00:11:37,2014-07-30 16:19:15,2,
1,STOCK-LYON,,,47 RUE JEAN JAURES,42190,CHARLIEU,178,EN-FL-30W-DET,0,PROJECTEUR EXTERIEUR- 30W,DETECTEUR PRESENCE ALIMENTATION INCLUSE,,165.00000000,20.000,1,,2013-09-16 10:28:10,2014-09-17 15:15:01,7,
1,STOCK-LYON,,,47 RUE JEAN JAURES,42190,CHARLIEU,125,EN-FL-30W-BF,0,PROJECTEUR EXTERIEUR- 30W,BLANC FROID,,148.00000000,20.000,1,,2013-03-24 14:56:11,2014-09-15 15:44:46,13,
1,STOCK-LYON,,,47 RUE JEAN JAURES,42190,CHARLIEU,212,EN-GU10-5W-BC-L,0,GU10 - 5W - 35°,BLANC CHAUD,,22.00000000,20.000,1,,2013-11-20 11:59:41,2014-12-01 15:59:31,68,
1,STOCK-LYON,,,47 RUE JEAN JAURES,42190,CHARLIEU,213,EN-GU10-5W-BN-L,0,GU10 - 5W - 35°,BLANC NATUREL,,22.00000000,20.000,1,,2013-11-20 12:01:13,2014-12-01 16:00:28,48,
1,STOCK-LYON,,,47 RUE JEAN JAURES,42190,CHARLIEU,214,EN-GU10-5W-BF-L,0,GU10 - 5W - 35°,BLANC FROID,,22.00000000,20.000,1,,2013-11-20 12:02:06,2014-12-01 15:59:59,76,
1,STOCK-LYON,,,47 RUE JEAN JAURES,42190,CHARLIEU,217,EN-MR16-5W-BF-L,0,GU5.3 - 5W - 35°,BLANC FROID,,22.00000000,0.000,1,,2013-11-20 12:11:45,2014-06-16 16:56:36,21,
1,STOCK-LYON,,,47 RUE JEAN JAURES,42190,CHARLIEU,216,EN-MR16-5W-BN-L,0,GU5.3 - 5W - 35°,BLANC NATUREL,,22.00000000,0.000,1,,2013-11-20 12:11:02,2014-06-16 16:56:36,17,
1,STOCK-LYON,,,47 RUE JEAN JAURES,42190,CHARLIEU,215,EN-MR16-5W-BC-L,0,GU5.3 - 5W - 35°,BLANC CHAUD,,22.00000000,0.000,1,,2013-11-20 12:10:22,2014-06-16 16:56:36,8,
1,STOCK-LYON,,,47 RUE JEAN JAURES,42190,CHARLIEU,190,EN-GU10-7W-BN,0,GU10 - 7W - 90°,BLANC NATUREL,,28.00000000,20.000,1,,2013-11-06 16:29:51,2014-12-16 14:37:07,34,
1,STOCK-LYON,,,47 RUE JEAN JAURES,42190,CHARLIEU,189,EN-GU10-7W-BF,0,GU10 - 7W - 90°,BLANC FROID,,28.00000000,20.000,1,,2013-11-06 16:26:41,2014-11-05 12:23:09,52,
1,STOCK-LYON,,,47 RUE JEAN JAURES,42190,CHARLIEU,200,EN-FA3-6W-BC,0,AMPOULE FLAMME - 6W 360°,BLANC CHAUD,,26.00000000,20.000,1,,2013-11-07 18:03:52,2014-12-15 10:33:32,25,
1,STOCK-LYON,,,47 RUE JEAN JAURES,42190,CHARLIEU,187,EN-BU3-9W-BC,0,AMPOULE BULBE - 9W 360°,BLANC CHAUD,,28.00000000,20.000,1,,2013-11-06 10:11:46,2014-11-05 18:34:30,19,
1,STOCK-LYON,,,47 RUE JEAN JAURES,42190,CHARLIEU,199,EN-KIT-PERS,0,KIT PERSONALISE,,,0.00000000,0.000,1,,2013-11-07 17:57:48,2014-06-16 16:56:36,0,
1,STOCK-LYON,,,47 RUE JEAN JAURES,42190,CHARLIEU,147,EN-R7S-8W-BF,0,R7S - 8W,BLANC FROID,,23.00000000,0.000,1,,2013-03-25 18:23:07,2014-06-16 16:56:33,2,
1,STOCK-LYON,,,47 RUE JEAN JAURES,42190,CHARLIEU,235,EN-B22-7W-BN,0,AMPOULE BULBE - 7W,BLANC NATUREL,,20.00000000,0.000,1,,2013-12-13 09:42:38,2014-08-21 17:07:04,-12,
1,STOCK-LYON,,,47 RUE JEAN JAURES,42190,CHARLIEU,231,EN-B22-10W-BN,0,AMPOULE BULBE - 10W,BLANC NATUREL,,23.00000000,0.000,1,,2013-12-13 09:37:58,2014-06-16 16:56:37,8,
1,STOCK-LYON,,,47 RUE JEAN JAURES,42190,CHARLIEU,230,EN-B22-10W-BF,0,AMPOULE BULBE - 10W,BLANC FROID,,23.00000000,0.000,1,,2013-12-13 09:36:10,2014-08-21 17:07:04,8,
1,STOCK-LYON,,,47 RUE JEAN JAURES,42190,CHARLIEU,208,EN-BU3-6W-BN,0,AMPOULE BULBE - 6W 360°,BLANC NATUREL,,26.00000000,20.000,1,,2013-11-13 16:40:47,2015-02-05 14:47:41,-13,
1,STOCK-LYON,,,47 RUE JEAN JAURES,42190,CHARLIEU,162,EN-PA-FIX-SUSP,0,FiXATION PANNEAU - SUSPENSION,CÂBLE POUR SUSPENSION,,40.00000000,20.000,1,,2013-05-02 18:46:01,2014-12-16 14:37:07,30,
1,STOCK-LYON,,,47 RUE JEAN JAURES,42190,CHARLIEU,99,EN-DLRR-38W-BN,0,DOWNLIGHT ROTATIF RECTANGLE - 38W,BLANC NATUREL,,160.00000000,0.000,1,,2013-03-24 14:28:33,2014-10-30 14:56:02,1,
1,STOCK-LYON,,,47 RUE JEAN JAURES,42190,CHARLIEU,202,EN-HUB-20W-BF,0,HUBLOT 20W,BLANC FROID,,135.00000000,20.000,1,,2013-11-13 11:34:24,2014-09-26 18:33:58,0,
1,STOCK-LYON,,,47 RUE JEAN JAURES,42190,CHARLIEU,203,EN-HUB-20W-BF-DT,0,HUBLOT 20W,BLANC FROID,,160.00000000,20.000,1,,2013-11-13 11:39:51,2014-08-20 17:36:02,0,
1,STOCK-LYON,,,47 RUE JEAN JAURES,42190,CHARLIEU,229,EN-HUB-30W-BF,0,HUBLOT 30W,BLANC FROID,,160.00000000,20.000,1,,2013-12-09 10:42:17,2014-08-20 17:36:23,0,
1,STOCK-LYON,,,47 RUE JEAN JAURES,42190,CHARLIEU,163,EN-PA-FIX-SAIL,0,FiXATION PANNEAU - SAILLIE,RAIL POUR MONTAGE SAILLIE,,40.00000000,20.000,1,,2013-05-02 18:47:31,2014-12-01 15:08:24,17,
1,STOCK-LYON,,,47 RUE JEAN JAURES,42190,CHARLIEU,97,EN-DLR-30W-BN,0,DOWNLIGHT ROTATIF - 30W,BLANC NATUREL,,176.00000000,0.000,1,,2013-03-24 14:27:45,2014-06-16 16:56:30,0,
1,STOCK-LYON,,,47 RUE JEAN JAURES,42190,CHARLIEU,67,EN-BU-7W-BN-D,0,AMPOULE BULBE - 7W,BLANC NATUREL DIMMABLE,,9.20000000,0.000,1,,2013-03-23 19:25:43,2014-06-16 16:56:29,0,
1,STOCK-LYON,,,47 RUE JEAN JAURES,42190,CHARLIEU,191,EN-BU3-9W-BN,0,AMPOULE BULBE - 9W 360°,BLANC NATUREL,,28.00000000,20.000,1,,2013-11-06 16:36:22,2015-02-05 14:47:41,-6,
1,STOCK-LYON,,,47 RUE JEAN JAURES,42190,CHARLIEU,232,EN-B22-5W-BF,0,AMPOULE BULBE - 5W,BLANC FROID,,18.00000000,0.000,1,,2013-12-13 09:39:02,2014-06-16 16:56:37,10,
1,STOCK-LYON,,,47 RUE JEAN JAURES,42190,CHARLIEU,233,EN-B22-5W-BN,0,AMPOULE BULBE - 5W,BLANC NATUREL,,18.00000000,0.000,1,,2013-12-13 09:40:51,2014-11-14 14:39:30,4,
1,STOCK-LYON,,,47 RUE JEAN JAURES,42190,CHARLIEU,234,EN-B22-7W-BF,0,AMPOULE BULBE - 7W,BLANC FROID,,20.00000000,0.000,1,,2013-12-13 09:41:43,2014-06-16 16:56:37,11,
1,STOCK-LYON,,,47 RUE JEAN JAURES,42190,CHARLIEU,207,EN-BU3-13W-BN,0,AMPOULE BULBE - 13W 360°,BLANC NATUREL,,40.00000000,20.000,1,,2013-11-13 16:39:15,2014-10-23 14:56:31,-4,
1,STOCK-LYON,,,47 RUE JEAN JAURES,42190,CHARLIEU,52,EN-CL-12W-BC,0,AMPOULE MAIS 360° - 12W,BLANC CHAUD,,41.30000000,0.000,1,,2013-03-23 19:19:36,2014-06-16 16:56:28,6,
1,STOCK-LYON,,,47 RUE JEAN JAURES,42190,CHARLIEU,32,EN-CL-12W-BN,0,AMPOULE MAIS 360° - 12W,BLANC NATUREL,,41.30000000,0.000,1,,2013-03-22 15:46:47,2014-06-16 16:56:26,10,
1,STOCK-LYON,,,47 RUE JEAN JAURES,42190,CHARLIEU,18,EN-CL-7W-BC,0,AMPOULE MAIS 360° - 7W,BLANC CHAUD,,26.30000000,0.000,1,,2013-02-26 18:47:40,2014-06-16 16:56:24,10,
1,STOCK-LYON,,,47 RUE JEAN JAURES,42190,CHARLIEU,33,EN-CL-7W-BN,0,AMPOULE MAIS 360° - 7W,BLANC NATUREL,,26.30000000,0.000,1,,2013-03-22 15:48:15,2014-06-16 16:56:26,5,
1,STOCK-LYON,,,47 RUE JEAN JAURES,42190,CHARLIEU,56,EN-FA-4W-BC,0,AMPOULE FLAMME - 4W,BLANC CHAUD,,8.36000000,0.000,1,,2013-03-23 19:21:37,2014-06-16 16:56:28,2,
1,STOCK-LYON,,,47 RUE JEAN JAURES,42190,CHARLIEU,236,EN-GU10-7W-BC-L,0,GU10 - 7W - 35°,BLANC CHAUD,,28.00000000,20.000,1,,2013-12-13 14:41:49,2014-11-05 12:22:48,60,
1,STOCK-LYON,,,47 RUE JEAN JAURES,42190,CHARLIEU,237,EN-GU10-7W-BF-L,0,GU10 - 7W - 35°,BLANC FROID,,28.00000000,20.000,1,,2013-12-13 14:42:43,2014-11-05 12:23:29,50,
1,STOCK-LYON,,,47 RUE JEAN JAURES,42190,CHARLIEU,238,EN-GU10-7W-BN-L,0,GU10 - 7W - 35°,BLANC NATUREL,,28.00000000,20.000,1,,2013-12-13 14:43:34,2014-11-05 12:23:55,50,
1,STOCK-LYON,,,47 RUE JEAN JAURES,42190,CHARLIEU,34,EN-PA-FIX-SEC,0,FiXATION PANNEAU - SECURITE,CHAINES DE SECURITE,,30.00000000,20.000,1,,2013-03-22 16:05:53,2014-11-27 09:46:20,10,
1,STOCK-LYON,,,47 RUE JEAN JAURES,42190,CHARLIEU,161,EN-PAR38-18W-BN,0,PAR 38 - 18W,BLANC NATUREL,,67.30000000,0.000,1,,2013-05-02 15:34:41,2014-07-02 15:10:05,2,
1,STOCK-LYON,,,47 RUE JEAN JAURES,42190,CHARLIEU,148,EN-R7S-10W-BN,0,R7S - 10W,BLANC NATUREL,,30.00000000,0.000,1,,2013-03-25 18:23:22,2014-06-16 16:56:33,2,
1,STOCK-LYON,,,47 RUE JEAN JAURES,42190,CHARLIEU,150,EN-R7S-13W-BN,0,R7S - 13W,BLANC NATUREL,,34.00000000,0.000,1,,2013-03-25 18:23:58,2014-06-16 16:56:33,4,
1,STOCK-LYON,,,47 RUE JEAN JAURES,42190,CHARLIEU,152,EN-R7S-15W-BN,0,R7S - 15W,BLANC NATUREL,,38.00000000,0.000,1,,2013-03-25 18:24:41,2014-06-16 16:56:33,4,
1,STOCK-LYON,,,47 RUE JEAN JAURES,42190,CHARLIEU,127,EN-FL-50W-BF,0,PROJECTEUR EXTERIEUR- 50W,BLANC FROID,,244.00000000,20.000,1,,2013-03-24 14:56:44,2014-09-15 15:44:14,10,
1,STOCK-LYON,,,47 RUE JEAN JAURES,42190,CHARLIEU,204,EN-DL-20W-BN-D,0,DOWNLIGHT - 20W,BLANC NATUREL DIMMABLE,,130.00000000,20.000,1,,2013-11-13 11:41:15,2014-09-02 15:35:39,2,
1,STOCK-LYON,,,47 RUE JEAN JAURES,42190,CHARLIEU,17,EN-DL-COB-20W-BN,0,DOWNLIGHT - 20W,BLANC NATUREL,,114.00000000,0.000,1,,2013-02-26 18:19:15,2014-06-16 16:56:24,1,
1,STOCK-LYON,,,47 RUE JEAN JAURES,42190,CHARLIEU,239,EN-BES-150-60W-BN,0,BLOC SAILLIE IP66,BLANC NATUREL,,242.50000000,20.000,1,,2014-01-27 18:38:24,2014-10-23 14:58:18,-3,
1,STOCK-LYON,,,47 RUE JEAN JAURES,42190,CHARLIEU,240,EN-BES-120-48W-BN,0,BLOC SAILLIE IP66,BLANC NATUREL,,197.50000000,20.000,1,,2014-01-27 18:39:30,2014-10-23 14:58:45,2,
1,STOCK-LYON,,,47 RUE JEAN JAURES,42190,CHARLIEU,245,EN-RD-5050-72-BN,0,BARRE LED RIGIDE,BLANC NATUREL,,19.98000000,0.000,1,,2014-02-07 16:07:23,2014-09-02 15:40:37,-5,
1,STOCK-LYON,,,47 RUE JEAN JAURES,42190,CHARLIEU,246,EN-ST60-BF,0,RUBAN LED - 14.4W / M - NE,BLANC FROID,,104.00000000,20.000,1,,2014-02-07 16:09:16,2014-09-17 14:39:22,10,
1,STOCK-LYON,,,47 RUE JEAN JAURES,42190,CHARLIEU,244,EN-PA-6030-30W-BN,0,DALLE LED - 22W,BLANC NATUREL,,143.00000000,20.000,1,,2014-01-29 15:42:31,2014-11-27 09:43:55,3,
1,STOCK-LYON,,,47 RUE JEAN JAURES,42190,CHARLIEU,105,EN-RL-20W-BN,0,PROJECTEUR SUR RAIL - 20W,BLANC NATUREL,,130.00000000,0.000,1,,2013-03-24 14:31:02,2014-06-16 16:56:31,24,
1,STOCK-LYON,,,47 RUE JEAN JAURES,42190,CHARLIEU,651,EN-PROFIL2A,0,PROFILE 2ML - A,,,24.00000000,0.000,1,,2014-03-26 16:41:16,2014-07-18 11:19:20,-1,
1,STOCK-LYON,,,47 RUE JEAN JAURES,42190,CHARLIEU,84,EN-PA-6060-42W-BF,0,DALLE LED - 42W,BLANC FROID,,280.00000000,20.000,1,,2013-03-23 19:50:33,2014-11-27 09:44:56,0,
1,STOCK-LYON,,,47 RUE JEAN JAURES,42190,CHARLIEU,652,EN-FLEX-220V,0,RUBAN LED 240°,4.8W/M - IP66,,116.67000000,0.000,1,,2014-04-09 10:29:49,2014-06-16 16:56:38,-3,
1,STOCK-LYON,,,47 RUE JEAN JAURES,42190,CHARLIEU,654,EN-DL-20W-BC,0,DOWNLIGHT - 20W,BLANC CHAUD,,124.00000000,20.000,1,,2014-04-28 10:53:03,2014-06-19 09:33:45,30,
1,STOCK-LYON,,,47 RUE JEAN JAURES,42190,CHARLIEU,658,EN-REG1-120,0,REGLETTE TUBE T8,1xT8,,38.00000000,0.000,1,,2014-05-16 23:30:23,2014-06-16 16:56:39,-4,
1,STOCK-LYON,,,47 RUE JEAN JAURES,42190,CHARLIEU,663,EN-FA3-6W-BN,0,AMPOULE FLAMME - 6W 360°,BLANC NATUREL,,26.00000000,20.000,1,,2014-05-23 09:57:30,2014-12-15 10:28:05,9,
1,STOCK-LYON,,,47 RUE JEAN JAURES,42190,CHARLIEU,82,EN-PA-6030-22W-BN,0,DALLE LED - 22W,BLANC NATUREL,,143.00000000,20.000,1,,2013-03-23 19:49:57,2014-11-27 09:43:45,-10,
1,STOCK-LYON,,,47 RUE JEAN JAURES,42190,CHARLIEU,21,EN-DL-20W-BN,0,DOWNLIGHT - 20W,BLANC NATUREL,,45.50000000,20.000,1,,2013-03-06 15:18:53,2014-06-18 10:06:56,-4,
1,STOCK-LYON,,,47 RUE JEAN JAURES,42190,CHARLIEU,34233,EN-DL-15W-BC,0,DOWNLIGHT - 15W,BLANC CHAUD,,105.00000000,20.000,1,,2014-06-18 15:14:59,2014-06-19 09:33:45,30,
1,STOCK-LYON,,,47 RUE JEAN JAURES,42190,CHARLIEU,760,15605,0,FARO AMPOULE SPHÉRIQUE E27 42W 2700K 630Lm ECOHALO,,null,2.32000000,20.000,1,,2014-06-12 15:54:33,2014-07-21 17:43:56,50,
1,STOCK-LYON,,,47 RUE JEAN JAURES,42190,CHARLIEU,761,15606,0,FARO AMPOULE SPHÉRIQUE E27 70W 2700K 1200Lm ECOHAL,,null,2.32000000,20.000,1,,2014-06-12 15:54:33,2014-07-21 17:43:57,50,
1,STOCK-LYON,,,47 RUE JEAN JAURES,42190,CHARLIEU,1222,40791,0,GALAXIA- 1 SPOT NICKEL MAT 1L GU10 50W,,null,25.48000000,20.000,1,,2014-06-12 15:54:43,2014-07-21 17:43:57,20,
1,STOCK-LYON,,,47 RUE JEAN JAURES,42190,CHARLIEU,1242,40880,0,MIKA APPLIQUE BLANC 1L GU10 50W,,null,10.20000000,20.000,1,,2014-06-12 15:54:44,2014-07-21 17:43:57,10,
1,STOCK-LYON,,,47 RUE JEAN JAURES,42190,CHARLIEU,1246,40884,0,MIKA APPLIQUE NOIR 1L GU10 50W,,null,10.20000000,20.000,1,,2014-06-12 15:54:44,2014-07-21 17:43:57,10,
1,STOCK-LYON,,,47 RUE JEAN JAURES,42190,CHARLIEU,1245,40883,0,MIKA PLAFONNIER BLANC 3L GU10 50W,,null,36.90000000,20.000,1,,2014-06-12 15:54:44,2014-07-21 17:43:57,5,
1,STOCK-LYON,,,47 RUE JEAN JAURES,42190,CHARLIEU,1249,40887,0,MIKA PLAFONNIER NOIR 3L GU10 50W,,null,36.90000000,20.000,1,,2014-06-12 15:54:44,2014-07-21 17:43:57,5,
1,STOCK-LYON,,,47 RUE JEAN JAURES,42190,CHARLIEU,1207,40421,0,LUNE-1 SPOT NICKEL MAT 1L GU10 50W,,null,14.80000000,20.000,1,,2014-06-12 15:54:42,2014-07-21 17:43:57,10,
1,STOCK-LYON,,,47 RUE JEAN JAURES,42190,CHARLIEU,1211,40426,0,LUNE-6 PLAFONNIER NICKEL MAT 2L GU10 50W,,null,23.95000000,20.000,1,,2014-06-12 15:54:42,2014-07-21 17:43:57,5,
1,STOCK-LYON,,,47 RUE JEAN JAURES,42190,CHARLIEU,1208,40422,0,LUNE-2 APPLIQUE NICKEL MAT 2L GU10 50W,,null,35.80000000,20.000,1,,2014-06-12 15:54:42,2014-07-21 17:43:57,4,
1,STOCK-LYON,,,47 RUE JEAN JAURES,42190,CHARLIEU,664,EN-G24-12W-BN,0,AMPOULE G24 - 12W,BLANC NATUREL,,45.00000000,0.000,1,,2014-05-26 16:02:39,2014-07-25 13:37:44,-30,
1,STOCK-LYON,,,47 RUE JEAN JAURES,42190,CHARLIEU,3892,213434,0,"PROFIL ALUMINIUM, alu anodisé 1m, avec diffuseur blanc",,null,39.90000000,20.000,1,,2014-06-12 18:15:37,2014-08-28 10:15:55,0,
1,STOCK-LYON,,,47 RUE JEAN JAURES,42190,CHARLIEU,3894,213444,0,"PROFIL ALUMINIUM, alu anodisé 2m, avec diffuseur blanc",,null,69.90000000,20.000,1,,2014-06-12 18:15:37,2014-08-28 10:15:55,0,
1,STOCK-LYON,,,47 RUE JEAN JAURES,42190,CHARLIEU,3897,213459,0,"Connecteur long pour PROFIL ALUMINIUM, gris argent",,null,12.90000000,20.000,1,,2014-06-12 18:15:37,2014-08-28 10:15:55,0,
1,STOCK-LYON,,,47 RUE JEAN JAURES,42190,CHARLIEU,3896,213454,0,"Embouts pour PROFIL ALUMINIUM, alu anodisé, 2 pièces",,null,12.90000000,20.000,1,,2014-06-12 18:15:37,2014-08-28 10:15:55,0,
1,STOCK-LYON,,,47 RUE JEAN JAURES,42190,CHARLIEU,4485,233011,0,Kit d'alimentation pour LED TUBELIGHT,,null,11.00000000,20.000,1,,2014-06-12 18:15:52,2014-08-28 10:15:55,0,
1,STOCK-LYON,,,47 RUE JEAN JAURES,42190,CHARLIEU,4564,470506,0,"ALIMENTATION LED 60W, 24V",,null,119.90000000,20.000,1,,2014-06-12 18:15:53,2014-08-28 10:15:55,0,
1,STOCK-LYON,,,47 RUE JEAN JAURES,42190,CHARLIEU,4481,233001,0,"RUBAN LED SUPERFLEX 24V, 14,4W, blanc, 10m, 36 LED par m, IP55",,null,369.90000000,20.000,1,,2014-06-12 18:15:52,2014-08-28 10:15:55,0,
1,STOCK-LYON,,,47 RUE JEAN JAURES,42190,CHARLIEU,3901,213474,0,"GLENOS PROFIL ALUMINIUM avec diffuseur, alu anodisé, 2m",,null,269.90000000,20.000,1,,2014-06-12 18:15:37,2014-08-08 10:12:15,1,
1,STOCK-LYON,,,47 RUE JEAN JAURES,42190,CHARLIEU,3903,213484,0,"Embouts pour GLENOS PROFIL ALUMINIUM avec diffuseur, gris argent, 2 pièces",,null,24.90000000,20.000,1,,2014-06-12 18:15:37,2014-12-04 09:55:19,2,
1,STOCK-LYON,,,47 RUE JEAN JAURES,42190,CHARLIEU,276,EN-G4-1.5W-BN,0,AMPOULE G4 - 1.5W,BLANC NATUREL,,3.60000000,20.000,1,,2014-03-11 14:16:21,2014-08-13 09:47:18,-10,
1,STOCK-LYON,,,47 RUE JEAN JAURES,42190,CHARLIEU,34249,42841,0,FLAT LED PANEL/PANEL DE LED 60x60cm,,,169.90000000,20.000,1,,2014-08-06 11:20:27,2014-09-09 11:11:59,0,
1,STOCK-LYON,,,47 RUE JEAN JAURES,42190,CHARLIEU,34250,42842,0,KIT SUSPENSION FLAT/KIT SUSPENSIÓN FLAT,,,14.50000000,20.000,1,,2014-08-06 11:22:56,2014-09-09 11:11:59,0,
1,STOCK-LYON,,,47 RUE JEAN JAURES,42190,CHARLIEU,2024,71997,0,BELL SUSPENSION TÉLESCOPIQUET GRIS FONCÉ 1L E27 23,,null,52.00000000,20.000,1,,2014-06-12 15:54:54,2015-02-10 08:46:29,5,
1,STOCK-LYON,,,47 RUE JEAN JAURES,42190,CHARLIEU,2019,71990,0,BELL SUSPENSION BLEU 1L E27 23W,,null,51.00000000,20.000,1,,2014-06-12 15:54:54,2015-02-10 08:47:19,5,
1,STOCK-LYON,,,47 RUE JEAN JAURES,42190,CHARLIEU,2020,71991,0,BELL SUSPENSION ROUGE 1L E27 23W,,null,51.00000000,20.000,1,,2014-06-12 15:54:54,2015-02-10 08:46:51,5,
1,STOCK-LYON,,,47 RUE JEAN JAURES,42190,CHARLIEU,1243,40881,0,MIKA APPLIQUE NOIR 2L GU10 50W,,null,20.56000000,20.000,1,,2014-06-12 15:54:44,2014-09-02 17:41:52,10,
1,STOCK-LYON,,,47 RUE JEAN JAURES,42190,CHARLIEU,1247,40885,0,MIKA APPLIQUE BLANC 2L GU10 50W,,null,20.56000000,20.000,1,,2014-06-12 15:54:44,2014-09-02 17:41:52,10,
1,STOCK-LYON,,,47 RUE JEAN JAURES,42190,CHARLIEU,1994,71498,0,LED-18 ENCASTRABLE ROND NICKEL MAT 1 LED 3W 3000K,,null,53.40000000,20.000,1,,2014-06-12 15:54:54,2014-09-02 17:41:52,7,
1,STOCK-LYON,,,47 RUE JEAN JAURES,42190,CHARLIEU,1793,70462N,0,CURTIS ENCASTRABLE NICKEL MAT 1L 2W IP67 ASIMETRIC,,null,65.70000000,20.000,1,,2014-06-12 15:54:51,2015-02-10 08:39:40,5,
1,STOCK-LYON,,,47 RUE JEAN JAURES,42190,CHARLIEU,1535,63124,0,POTE-1 APPLIQUE BLANC 1L E27 60W,,null,28.76000000,20.000,1,,2014-06-12 15:54:48,2014-10-02 14:46:53,1,
1,STOCK-LYON,,,47 RUE JEAN JAURES,42190,CHARLIEU,2045,72236,0,STEEL-2 APPLIQUE NICKEL MAT 1L E27 15W,,null,38.90000000,20.000,1,,2014-06-12 15:54:55,2014-09-18 16:37:04,8,
1,STOCK-LYON,,,47 RUE JEAN JAURES,42190,CHARLIEU,1202,40394,0,STAR-4 PLAFONNIER CHROME 4L GU10 50W,,null,55.90000000,20.000,1,,2014-06-12 15:54:42,2015-02-10 08:39:39,2,
1,STOCK-LYON,,,47 RUE JEAN JAURES,42190,CHARLIEU,1320,43053,0,FIJO ENCASTRABLE ALUMINIUM 1L MR16 50W,,null,3.79000000,20.000,1,,2014-06-12 15:54:45,2014-09-18 16:37:05,100,
1,STOCK-LYON,,,47 RUE JEAN JAURES,42190,CHARLIEU,34274,EN-HUB-30W-BN-DT,0,HUBLOT 30W,BLANC NATUREL DÉTECTEUR DE PRESENCE,,170.00000000,20.000,1,,2014-10-09 10:17:52,2014-12-16 14:37:07,11,
1,STOCK-LYON,,,47 RUE JEAN JAURES,42190,CHARLIEU,35520,460120,0,Boîte de connecteur Mini Connex 2 entrées rouge,,null,0.14000000,20.000,1,,2014-10-22 08:51:56,2015-02-04 08:26:07,2600,
1,STOCK-LYON,,,47 RUE JEAN JAURES,42190,CHARLIEU,35521,460130,0,Boîte de connecteur Mini Connex 3 entrées orange,,null,0.16000000,20.000,1,,2014-10-22 08:51:56,2015-01-20 16:54:03,2100,
1,STOCK-LYON,,,47 RUE JEAN JAURES,42190,CHARLIEU,35522,460140,0,Boîte de connecteur Mini Connex 4 entrées jaune,,null,0.19000000,20.000,1,,2014-10-22 08:51:56,2014-11-14 14:14:48,400,
1,STOCK-LYON,,,47 RUE JEAN JAURES,42190,CHARLIEU,35523,460150,0,Boîte de connecteur Mini Connex 5 entrées gris,,null,0.20000000,20.000,1,,2014-10-22 08:51:56,2015-01-20 16:54:03,1800,
1,STOCK-LYON,,,47 RUE JEAN JAURES,42190,CHARLIEU,35524,460180,0,Boîte de connecteur Mini Connex 8 entrées noire,,null,0.40000000,20.000,1,,2014-10-22 08:51:56,2014-11-14 14:15:37,200,
1,STOCK-LYON,,,47 RUE JEAN JAURES,42190,CHARLIEU,35527,470130,0,Boîte de connecteurs universels 3 entrées,,null,0.42000000,20.000,1,,2014-10-22 08:51:56,2014-11-14 14:16:14,0,
1,STOCK-LYON,,,47 RUE JEAN JAURES,42190,CHARLIEU,35534,515209,0,Boîtier OPTIBOX IP55 D.70x40 mm,,null,1.31000000,20.000,1,,2014-10-22 08:51:56,2014-11-14 14:18:17,50,
1,STOCK-LYON,,,47 RUE JEAN JAURES,42190,CHARLIEU,35537,515309,0,Boîtier OPTIBOX IP55 80x80x42 mm,,null,1.74000000,20.000,1,,2014-10-22 08:51:56,2014-11-14 14:18:44,50,
1,STOCK-LYON,,,47 RUE JEAN JAURES,42190,CHARLIEU,35539,515409,0,Boîtier OPTIBOX IP55 100x100x45 mm,,null,3.03000000,20.000,1,,2014-10-22 08:51:56,2014-11-14 14:19:11,50,
1,STOCK-LYON,,,47 RUE JEAN JAURES,42190,CHARLIEU,35610,610409,0,Boîtier Blue Box D.67 prof.40 mm,,null,0.68000000,20.000,1,,2014-10-22 08:51:56,2014-11-14 14:23:41,300,
1,STOCK-LYON,,,47 RUE JEAN JAURES,42190,CHARLIEU,35656,620719,0,Btier Blue Box dble entraxe 71mm D.67 prof.40,,null,2.30000000,20.000,1,,2014-10-22 08:51:57,2014-11-14 14:24:40,30,
1,STOCK-LYON,,,47 RUE JEAN JAURES,42190,CHARLIEU,35693,630719,0,Btier Blue Box tple entraxe 71mm D.67 prof.40,,null,3.40000000,20.000,1,,2014-10-22 08:51:57,2014-12-15 15:25:53,30,
1,STOCK-LYON,,,47 RUE JEAN JAURES,42190,CHARLIEU,35531,510250,0,Boîte pav. MEGABOX standard 250x250x85,,null,12.50000000,20.000,1,,2014-10-22 08:51:56,2014-11-14 14:17:09,5,
1,STOCK-LYON,,,47 RUE JEAN JAURES,42190,CHARLIEU,35721,650661,0,Bte à scellerà vis 65x65 prof.40mm juxtaposable,,null,0.38000000,20.000,1,,2014-10-22 08:51:57,2014-11-14 14:26:13,50,
1,STOCK-LYON,,,47 RUE JEAN JAURES,42190,CHARLIEU,35565,550503,0,Boîtier MODUL'BOX 3 modules (2+1),,null,11.14000000,20.000,1,,2014-10-22 08:51:56,2014-11-14 14:20:41,3,
1,STOCK-LYON,,,47 RUE JEAN JAURES,42190,CHARLIEU,35566,550504,0,Boîtier MODUL'BOX 4 modules,,null,14.93000000,20.000,1,,2014-10-22 08:51:56,2014-11-14 14:22:10,3,
1,STOCK-LYON,,,47 RUE JEAN JAURES,42190,CHARLIEU,35567,550506,0,Boîtier MODUL'BOX 6 modules,,null,17.38000000,20.000,1,,2014-10-22 08:51:56,2014-11-14 14:22:29,3,
1,STOCK-LYON,,,47 RUE JEAN JAURES,42190,CHARLIEU,35568,550508,0,Boîtier MODUL'BOX 9 modules (8+1),,null,18.94000000,20.000,1,,2014-10-22 08:51:56,2014-11-14 14:22:46,3,
1,STOCK-LYON,,,47 RUE JEAN JAURES,42190,CHARLIEU,35569,550512,0,Boîtier MODUL'BOX 13 modules (12+1),,null,28.97000000,20.000,1,,2014-10-22 08:51:56,2014-12-15 15:25:52,5,
1,STOCK-LYON,,,47 RUE JEAN JAURES,42190,CHARLIEU,35528,470150,0,Boîte de connecteur universel 5 entrées,,null,0.60000000,20.000,1,,2014-10-22 08:51:56,2014-11-14 14:16:40,0,
1,STOCK-LYON,,,47 RUE JEAN JAURES,42190,CHARLIEU,35500,402104,0,Barrette noire 960° sécable 4 mm²,,null,0.91000000,20.000,1,,2014-10-22 08:51:55,2014-11-14 14:39:30,90,
1,STOCK-LYON,,,47 RUE JEAN JAURES,42190,CHARLIEU,35501,402106,0,Barrette noire 960° sécable 6 mm²,,null,0.97000000,20.000,1,,2014-10-22 08:51:55,2014-11-17 15:37:57,88,
1,STOCK-LYON,,,47 RUE JEAN JAURES,42190,CHARLIEU,35502,402110,0,Barrette noire 960° sécable 10 mm²,,null,1.43000000,20.000,1,,2014-10-22 08:51:55,2014-11-17 15:37:57,88,
1,STOCK-LYON,,,47 RUE JEAN JAURES,42190,CHARLIEU,35503,402116,0,Barrette noire 960° sécable 16 mm²,,null,3.07000000,20.000,1,,2014-10-22 08:51:55,2014-11-14 14:39:30,40,
1,STOCK-LYON,,,47 RUE JEAN JAURES,42190,CHARLIEU,35628,610869,0,Boîtier Blue Box 32 Amp. diam.86 prof.40,,null,2.00000000,20.000,1,,2014-10-22 08:51:56,2014-11-14 14:24:08,10,
1,STOCK-LYON,,,47 RUE JEAN JAURES,42190,CHARLIEU,35533,515100,0,Boîtier Mini OPTIBOX IP55 90x40x36mm,,null,2.80000000,20.000,1,,2014-10-22 08:51:56,2014-12-15 15:25:52,70,
1,STOCK-LYON,,,47 RUE JEAN JAURES,42190,CHARLIEU,35773,690120,0,Boîte dérivation No Air 120x120x40,,null,10.50000000,20.000,1,,2014-10-22 08:51:57,2014-11-14 14:26:50,4,
1,STOCK-LYON,,,47 RUE JEAN JAURES,42190,CHARLIEU,35775,690170,0,Boîte dérivation No Air 170x120x40,,null,16.00000000,20.000,1,,2014-10-22 08:51:57,2014-12-15 15:25:53,6,
1,STOCK-LYON,,,47 RUE JEAN JAURES,42190,CHARLIEU,35776,690180,0,Boîte dérivation No Air 180x180x50,,null,20.00000000,20.000,1,,2014-10-22 08:51:57,2014-11-14 14:27:38,3,
1,STOCK-LYON,,,47 RUE JEAN JAURES,42190,CHARLIEU,35681,627559,0,Pt de Ctre Blue Box DCL D67 prof55 + FD E27,,null,7.10000000,20.000,1,,2014-10-22 08:51:57,2014-11-14 11:45:29,100,
1,STOCK-LYON,,,47 RUE JEAN JAURES,42190,CHARLIEU,34269,EN-DLS-18W-BN,0,DOWNLIGHT SLIM 18W,BLANC NATUREL,,58.00000000,20.000,1,,2014-09-17 09:56:29,2014-10-30 15:01:59,-1,
1,STOCK-LYON,,,47 RUE JEAN JAURES,42190,CHARLIEU,35622,610675,0,Scie-cloche D.67 + éjecteur,,null,26.78000000,20.000,1,,2014-10-22 08:51:56,2014-11-24 08:04:04,2,
1,STOCK-LYON,,,47 RUE JEAN JAURES,42190,CHARLIEU,35879,EN-BU-10W-RGBW,0,AMPOULE RGBW,,,43.00000000,20.000,1,,2014-11-14 09:47:20,2014-11-14 09:48:20,2,
1,STOCK-LYON,,,47 RUE JEAN JAURES,42190,CHARLIEU,35880,EN-BU-10W-RGBW-TLC,0,TELECOMMANDE AMPOULE RGBW,,,22.00000000,20.000,1,,2014-11-14 09:48:43,2014-11-14 09:49:38,1,
1,STOCK-LYON,,,47 RUE JEAN JAURES,42190,CHARLIEU,1847,70600,0,MINI CONTRA ENCASTRABLE NICKEL MAT 9LED 0.06W/LED,,null,34.05000000,20.000,1,,2014-06-12 15:54:52,2015-02-10 08:39:40,36,
1,STOCK-LYON,,,47 RUE JEAN JAURES,42190,CHARLIEU,2150,74401,0,ANCORA APPLIQUE GRIS FONCÉ 1L E27 20W 5000K,,null,48.12000000,20.000,1,,2014-06-12 15:54:56,2014-11-14 10:04:23,-3,
1,STOCK-LYON,,,47 RUE JEAN JAURES,42190,CHARLIEU,35493,401011,0,"Borne luminaire 1 x 1,5 - 1 x 2,5",,null,0.23000000,20.000,1,,2014-10-22 08:51:55,2014-11-24 08:04:03,300,
1,STOCK-LYON,,,47 RUE JEAN JAURES,42190,CHARLIEU,35497,401202,0,Connecteur étanche Basse tension 2 entrées,,null,0.18000000,20.000,1,,2014-10-22 08:51:55,2014-11-24 08:04:03,200,
1,STOCK-LYON,,,47 RUE JEAN JAURES,42190,CHARLIEU,35529,499991,0,Yellow 77 Plus,,null,11.37000000,20.000,1,,2014-10-22 08:51:56,2014-12-11 09:02:18,10,
1,STOCK-LYON,,,47 RUE JEAN JAURES,42190,CHARLIEU,35541,515420,0,Btier OPTIBOX 960°membranes 1/4T.100x100x55,,null,3.53000000,20.000,1,,2014-10-22 08:51:56,2014-11-24 10:34:51,40,
1,STOCK-LYON,,,47 RUE JEAN JAURES,42190,CHARLIEU,35570,555000,0,OPTIFIX Patte de fixation pour chemin de câble,,null,1.30000000,20.000,1,,2014-10-22 08:51:56,2014-11-24 10:34:51,40,
1,STOCK-LYON,,,47 RUE JEAN JAURES,42190,CHARLIEU,35589,600509,0,Boîtier Blue Box D.67 prof.50 mm,,null,0.70000000,20.000,1,,2014-10-22 08:51:56,2014-11-24 08:04:03,50,
1,STOCK-LYON,,,47 RUE JEAN JAURES,42190,CHARLIEU,35627,610865,0,Scie-cloche D.86 + éjecteur,,null,37.49000000,20.000,1,,2014-10-22 08:51:56,2014-11-24 08:04:04,1,
1,STOCK-LYON,,,47 RUE JEAN JAURES,42190,CHARLIEU,35722,650820,0,Couv. fin. à pattes Diam.95 pour btier D.80,,null,0.28000000,20.000,1,,2014-10-22 08:51:57,2014-11-24 08:04:04,100,
1,STOCK-LYON,,,47 RUE JEAN JAURES,42190,CHARLIEU,35770,690060,0,Membrane adhésive pour conduits 150x150,,null,7.00000000,20.000,1,,2014-10-22 08:51:57,2014-11-24 08:04:04,10,
1,STOCK-LYON,,,47 RUE JEAN JAURES,42190,CHARLIEU,79,EN-PA-3030-10W-BN,0,DALLE LED - 10W,BLANC NATUREL,,84.00000000,20.000,1,,2013-03-23 19:49:12,2014-12-01 15:08:24,1,
1,STOCK-LYON,,,47 RUE JEAN JAURES,42190,CHARLIEU,278,EN-PAR30-10W-BN,0,PAR30 - 10W,BLANC NATUREL,,47.00000000,0.000,1,,2014-03-11 14:21:59,2014-12-01 15:14:37,40,
1,STOCK-LYON,,,47 RUE JEAN JAURES,42190,CHARLIEU,129,EN-FL-100W-BF,0,PROJECTEUR EXTERIEUR- 100W,BLANC FROID,,507.00000000,20.000,1,,2013-03-24 14:57:18,2014-12-01 15:14:37,3,
1,STOCK-LYON,,,47 RUE JEAN JAURES,42190,CHARLIEU,83,EN-PA-6060-42W-BC,0,DALLE LED - 42W,BLANC CHAUD,,280.00000000,20.000,1,,2013-03-23 19:50:15,2014-12-01 15:14:37,3,
1,STOCK-LYON,,,47 RUE JEAN JAURES,42190,CHARLIEU,35864,EN-B22FLRS-18W,0,AMPOULE ECO CONSOMMATION 18W,RAPID START,,6.20000000,20.000,1,,2014-10-22 16:32:53,2014-12-03 07:22:54,50,
1,STOCK-LYON,,,47 RUE JEAN JAURES,42190,CHARLIEU,35863,EN-E27FLRS-18W,0,AMPOULE ECO CONSOMMATION 18W,RAPID START,,6.20000000,20.000,1,,2014-10-22 16:31:16,2014-12-03 07:22:54,50,
1,STOCK-LYON,,,47 RUE JEAN JAURES,42190,CHARLIEU,35865,EN-E27HAL-70W,0,HALOGENE 70W,,,4.25000000,20.000,1,,2014-10-22 17:53:24,2014-12-03 07:22:54,50,
1,STOCK-LYON,,,47 RUE JEAN JAURES,42190,CHARLIEU,662,EN-G24-11W-BN,0,AMPOULE G24 - 11W,BLANC NATUREL,,43.00000000,0.000,1,,2014-05-20 17:16:00,2014-12-03 07:22:54,0,
1,STOCK-LYON,,,47 RUE JEAN JAURES,42190,CHARLIEU,2844,145302,0,"EUTRAC rail 3 allumages, gris argent, 3m",,null,119.90000000,20.000,1,,2014-06-12 18:15:19,2014-12-04 09:57:02,0,
1,STOCK-LYON,,,47 RUE JEAN JAURES,42190,CHARLIEU,2848,145514,0,"EUTRAC alimentation, terre gauche, gris argent",,null,29.90000000,20.000,1,,2014-06-12 18:15:19,2014-12-04 09:57:02,0,
1,STOCK-LYON,,,47 RUE JEAN JAURES,42190,CHARLIEU,2858,145564,0,"EUTRAC connecteur électrique, gris argent",,null,26.90000000,20.000,1,,2014-06-12 18:15:19,2014-12-04 09:57:02,0,
1,STOCK-LYON,,,47 RUE JEAN JAURES,42190,CHARLIEU,2865,145594,0,"EUTRAC embout pour rail 3 allumages, gris argent",,null,7.00000000,20.000,1,,2014-06-12 18:15:19,2014-12-04 09:57:02,0,
1,STOCK-LYON,,,47 RUE JEAN JAURES,42190,CHARLIEU,3080,150552,0,"SDL 70 spot, gris argent, Rx7s, 70W, adaptateur 3 allumages inclus",,null,189.90000000,20.000,1,,2014-06-12 18:15:25,2014-12-04 09:57:02,0,
1,STOCK-LYON,,,47 RUE JEAN JAURES,42190,CHARLIEU,3084,150572,0,"Volets pour spot SDL 70/150, gris argent",,null,24.90000000,20.000,1,,2014-06-12 18:15:25,2014-12-04 09:57:02,0,
1,STOCK-LYON,,,47 RUE JEAN JAURES,42190,CHARLIEU,35874,EN-BU3-6W-BC,0,AMPOULE BULBE - 6W 360°,BLANC CHAUD,,26.00000000,20.000,1,,2014-11-12 15:47:22,2014-12-15 10:39:55,5,
1,STOCK-LYON,,,47 RUE JEAN JAURES,42190,CHARLIEU,2868,145604,0,"EUTRAC connecteur mécanique pour rail 3 allumages, gris argent",,null,19.90000000,20.000,1,,2014-06-12 18:15:19,2014-12-11 15:14:35,0,
1,STOCK-LYON,,,47 RUE JEAN JAURES,42190,CHARLIEU,35881,EN-CONDO-31.5MF,0,CONDENSATEUR 31.5MF,,,0.00000000,20.000,1,,2014-11-20 12:07:54,2014-12-11 15:39:13,30,
1,STOCK-LYON,,,47 RUE JEAN JAURES,42190,CHARLIEU,35882,EN-CONDO-50MF,0,CONDENSATEUR 50MF,,,15.00000000,20.000,1,,2014-11-20 12:08:27,2014-12-11 15:41:57,70,
1,STOCK-LYON,,,47 RUE JEAN JAURES,42190,CHARLIEU,34247,EN-HUB-30W-BN,0,HUBLOT 30W,BLANC NATUREL,,160.00000000,20.000,1,,2014-07-29 11:06:58,2015-01-06 09:57:31,-2,
1,STOCK-LYON,,,47 RUE JEAN JAURES,42190,CHARLIEU,35893,EN-ESCR-CABLE1M,0,CABLE RALLONGE 1M,,,8.00000000,20.000,1,,2014-11-28 09:28:09,2014-12-15 14:25:48,20,
1,STOCK-LYON,,,47 RUE JEAN JAURES,42190,CHARLIEU,35891,EN-ESCR-DR-30W,0,DRIVER ENCASTRE RGB 30W,,,33.00000000,20.000,1,,2014-11-28 09:24:49,2014-12-15 14:25:48,20,
1,STOCK-LYON,,,47 RUE JEAN JAURES,42190,CHARLIEU,35890,EN-ESCR-RGB,0,ENCASTRE ESCALIER RGB,0.4W - IP67,,22.00000000,20.000,1,,2014-11-28 09:22:38,2014-12-15 14:25:48,101,
1,STOCK-LYON,,,47 RUE JEAN JAURES,42190,CHARLIEU,35892,EN-ESCR-RGB-CTRL,0,CONTROLEUR RGB ENCASTRE RGB,,,65.00000000,20.000,1,,2014-11-28 09:26:33,2014-12-15 14:25:48,20,
1,STOCK-LYON,,,47 RUE JEAN JAURES,42190,CHARLIEU,35640,616120,0,CLIPS-TUBE ISO 16,,null,0.10000000,20.000,1,,2014-10-22 08:51:57,2014-12-15 15:25:52,1000,
1,STOCK-LYON,,,47 RUE JEAN JAURES,42190,CHARLIEU,35651,620160,0,CLIPS-TUBE ISO 20,,null,0.12000000,20.000,1,,2014-10-22 08:51:57,2014-12-15 15:25:53,1000,
1,STOCK-LYON,,,47 RUE JEAN JAURES,42190,CHARLIEU,35670,625210,0,CLIPS-TUBE ISO 25,,null,0.13000000,20.000,1,,2014-10-22 08:51:57,2014-12-15 15:25:53,1000,
1,STOCK-LYON,,,47 RUE JEAN JAURES,42190,CHARLIEU,35583,590250,0,Boîte pav. MEGABOX No Air BBC 250x250x85,,null,20.00000000,20.000,1,,2014-10-22 08:51:56,2014-12-15 15:27:21,5,
1,STOCK-LYON,,,47 RUE JEAN JAURES,42190,CHARLIEU,35781,690400,0,Boîtier cloison sèche No Air D.67 prof.40,,null,1.10000000,20.000,1,,2014-10-22 08:51:57,2014-12-15 15:27:21,50,
1,STOCK-LYON,,,47 RUE JEAN JAURES,42190,CHARLIEU,35791,690527,0,Btier No Air Pt Ctre DCL D.67 prof.50 + FD E27,,null,9.50000000,20.000,1,,2014-10-22 08:51:58,2014-12-15 15:27:22,50,
1,STOCK-LYON,,,47 RUE JEAN JAURES,42190,CHARLIEU,35799,690860,0,Boîtier 32 Amp. No Air D.86 prof.40,,null,3.80000000,20.000,1,,2014-10-22 08:51:58,2014-12-15 15:27:22,10,
1,STOCK-LYON,,,47 RUE JEAN JAURES,42190,CHARLIEU,35808,692710,0,Boîtier dble entraxe 71 No Air D.67 prof.40,,null,4.10000000,20.000,1,,2014-10-22 08:51:58,2014-12-15 15:27:23,25,
1,STOCK-LYON,,,47 RUE JEAN JAURES,42190,CHARLIEU,35812,693710,0,Boîtier tple entraxe 71 No Air D.67 prof.40,,null,6.50000000,20.000,1,,2014-10-22 08:51:58,2014-12-15 15:27:23,25,
1,STOCK-LYON,,,47 RUE JEAN JAURES,42190,CHARLIEU,35870,EN-B15D-2.5W-BC,0,B15D 2.5W,BLANC CHAUD,,18.00000000,20.000,1,,2014-10-30 16:24:47,2014-12-16 14:37:04,100,
1,STOCK-LYON,,,47 RUE JEAN JAURES,42190,CHARLIEU,35884,EN-FL-20W-BN-D,0,PROJECTEUR EXTERIEUR- 20W,BLANC NATUREL DIMMABLE,,111.00000000,20.000,1,,2014-11-20 15:04:01,2014-12-16 14:37:06,2,
1,STOCK-LYON,,,47 RUE JEAN JAURES,42190,CHARLIEU,35885,EN-FL-30W-BN-D,0,PROJECTEUR EXTERIEUR- 30W,BLANC NATUREL DIMMABLE,,168.00000000,20.000,1,,2014-11-20 15:06:05,2014-12-16 14:37:06,2,
1,STOCK-LYON,,,47 RUE JEAN JAURES,42190,CHARLIEU,35883,EN-G4-2.5W-BN,0,AMPOULE G4 - 2.5W,BLANC NATUREL,,3.60000000,20.000,1,,2014-11-20 15:01:15,2014-12-16 14:37:07,20,
1,STOCK-LYON,,,47 RUE JEAN JAURES,42190,CHARLIEU,653,EN-V22-4.5W-BC,0,VEILLEUSE,BLANC CHAUD,,18.00000000,0.000,1,,2014-04-09 16:01:56,2014-12-16 14:37:08,20,
1,STOCK-LYON,,,47 RUE JEAN JAURES,42190,CHARLIEU,3863,186462,0,"LAMPE QRB, pour câble tendu, chrome, max. 50W",,null,44.90000000,20.000,1,,2014-06-12 18:15:36,2014-12-16 15:50:39,1,
1,STOCK-LYON,,,47 RUE JEAN JAURES,42190,CHARLIEU,3959,227418,0,"NAUTILUS PIQUET, gris argent, GU10, max. 35W, fiche et câble 1,5m inclus",,null,59.90000000,20.000,1,,2014-06-12 18:15:39,2015-02-10 08:40:58,1,
1,STOCK-LYON,,,47 RUE JEAN JAURES,42190,CHARLIEU,4055,228782,0,"MYRA WALL applique, gris argent, GU10, max. 50W, IP55",,null,89.90000000,20.000,1,,2014-06-12 18:15:45,2014-12-16 15:50:39,1,
1,STOCK-LYON,,,47 RUE JEAN JAURES,42190,CHARLIEU,4062,228842,0,"MYRA DROIT spot sur tige, gris argent, GU10, max. 50W, IP55",,null,159.90000000,20.000,1,,2014-06-12 18:15:46,2014-12-16 15:50:40,1,
1,STOCK-LYON,,,47 RUE JEAN JAURES,42190,CHARLIEU,4119,229162,0,"BIG NAILS 50 borne, inox 304, E27 max. 15W, IP44",,null,149.90000000,20.000,1,,2014-06-12 18:15:46,2015-01-14 16:34:08,8,
1,STOCK-LYON,,,47 RUE JEAN JAURES,42190,CHARLIEU,35894,EN-FLS-200W-BF,0,PROJECTEUR EXTERIEUR- 200W,BLANC FROID,,680.00000000,20.000,1,,2014-12-01 13:52:24,2014-12-22 14:40:41,0,
1,STOCK-LYON,,,47 RUE JEAN JAURES,42190,CHARLIEU,35896,FBBF01EAA7,0,RADIATEUR BLITZ EA 5810,RADIATEUR FLUIDE 1000W,,349.49000000,20.000,1,,2014-12-04 08:45:42,2014-12-23 08:06:47,1,
1,STOCK-LYON,,,47 RUE JEAN JAURES,42190,CHARLIEU,35895,FBBF01EAFB,0,RADIATEUR BLITZ EA 5815,RADIATEUR FLUIDE 1500W,,450.27000000,20.000,1,,2014-12-04 08:39:48,2014-12-23 08:06:47,2,
1,STOCK-LYON,,,47 RUE JEAN JAURES,42190,CHARLIEU,35897,FBBF01EAKE,0,RADIATEUR BLITZ EA 5820,RADIATEUR FLUIDE 2000W,,542.47000000,20.000,1,,2014-12-04 08:48:14,2014-12-23 08:06:48,1,
1,STOCK-LYON,,,47 RUE JEAN JAURES,42190,CHARLIEU,35798,690800,0,SPOTBOX No Air D.75 prof.150,,null,14.00000000,20.000,1,,2014-10-22 08:51:58,2015-01-13 13:36:06,8,
1,STOCK-LYON,,,47 RUE JEAN JAURES,42190,CHARLIEU,35875,EN-COL20-A,0,COLLERETTE ALU,,,5.00000000,20.000,1,,2014-11-12 15:50:56,2014-12-23 15:37:30,1000,
1,STOCK-LYON,,,47 RUE JEAN JAURES,42190,CHARLIEU,35876,EN-COL20-AO,0,COLLERETTE ALU ORIENTABLE,,,7.00000000,20.000,1,,2014-11-12 15:51:31,2014-12-23 15:37:30,500,
1,STOCK-LYON,,,47 RUE JEAN JAURES,42190,CHARLIEU,34278,EN-FLS-10W-BF,0,PROJECTEUR EXTERIEUR- 10W,BLANC FROID,,30.00000000,20.000,1,,2014-10-13 17:45:40,2014-12-31 08:07:15,30,
1,STOCK-LYON,,,47 RUE JEAN JAURES,42190,CHARLIEU,34279,EN-FLS-20W-BF,0,PROJECTEUR EXTERIEUR- 20W,BLANC FROID,,60.00000000,20.000,1,,2014-10-13 17:46:59,2014-12-31 08:07:15,34,
1,STOCK-LYON,,,47 RUE JEAN JAURES,42190,CHARLIEU,34281,EN-FLS-50W-BF,0,PROJECTEUR EXTERIEUR- 50W,BLANC FROID,,120.00000000,20.000,1,,2014-10-13 17:48:47,2014-12-31 08:07:15,10,
1,STOCK-LYON,,,47 RUE JEAN JAURES,42190,CHARLIEU,3976,227500,0,"NAUTILUS IP67, gris argent, MR16, max. 35W",,null,49.90000000,20.000,1,,2014-06-12 18:15:44,2015-01-14 16:34:07,1,
1,STOCK-LYON,,,47 RUE JEAN JAURES,42190,CHARLIEU,35636,613409,0,Lot de 300 Blue Box D67 prof40mm + 1 scie-cloche,,null,204.00000000,20.000,1,,2014-10-22 08:51:57,2015-01-20 16:50:20,1,
1,STOCK-LYON,,,47 RUE JEAN JAURES,42190,CHARLIEU,769,15616,0,FARO AMPOULE G9 42W 2700K 630Lm ECOHALOGÈNE,,null,2.08000000,20.000,1,,2014-06-12 15:54:33,2015-01-21 08:55:27,4,
1,STOCK-LYON,,,47 RUE JEAN JAURES,42190,CHARLIEU,1235,40847,0,TUBA SPOT NICKEL MAT 1L GU10 11W,,null,16.95000000,20.000,1,,2014-06-12 15:54:44,2015-01-21 08:55:27,2,
1,STOCK-LYON,,,47 RUE JEAN JAURES,42190,CHARLIEU,1236,40848,0,TUBA APPLIQUE NICKEL MAT 2L GU10 11W,,null,33.88000000,20.000,1,,2014-06-12 15:54:44,2015-01-21 08:55:27,1,
1,STOCK-LYON,,,47 RUE JEAN JAURES,42190,CHARLIEU,1327,43071,0,NEUTRON ENCASTRABLE NICKEL MAT 1 x GU10 50W,,null,17.96000000,20.000,1,,2014-06-12 15:54:45,2015-01-21 08:55:27,4,
1,STOCK-LYON,,,47 RUE JEAN JAURES,42190,CHARLIEU,1328,43072,0,NEUTRON ENCASTRABLE NICKEL MAT 2 x GU10 50W,,null,33.30000000,20.000,1,,2014-06-12 15:54:45,2015-01-21 08:55:27,2,
1,STOCK-LYON,,,47 RUE JEAN JAURES,42190,CHARLIEU,1497,62984,0,TOLA-2 PLAFONNIER GRIS 2L E27 20W,,null,48.45000000,20.000,1,,2014-06-12 15:54:47,2015-01-21 08:55:27,1,
1,STOCK-LYON,,,47 RUE JEAN JAURES,42190,CHARLIEU,1514,63043,0,RELAX-2 APPLIQUE CHROME 2L G9 40W,,null,37.48000000,20.000,1,,2014-06-12 15:54:47,2015-01-21 08:55:27,2,
1,STOCK-LYON,,,47 RUE JEAN JAURES,42190,CHARLIEU,1914,71002,0,CRIPTA APPLIQUE BLANC 1L E27 60W,,null,8.20000000,20.000,1,,2014-06-12 15:54:53,2015-01-21 08:55:27,5,
1,STOCK-LYON,,,47 RUE JEAN JAURES,42190,CHARLIEU,1917,71010B,0,RONDO-B APPLIQUE BLANC 1L E27 60W,,null,10.30000000,20.000,1,,2014-06-12 15:54:53,2015-01-21 08:55:27,10,
1,STOCK-LYON,,,47 RUE JEAN JAURES,42190,CHARLIEU,1968,71383,0,MINIPROJECT PROJECTEUR GRIS 1L GU10 50W,,null,45.30000000,20.000,1,,2014-06-12 15:54:53,2015-01-21 08:55:27,1,
1,STOCK-LYON,,,47 RUE JEAN JAURES,42190,CHARLIEU,1988,71489,0,TECNO-6 ENCASTRABLE NICKEL MAT 1L GU10 50W,,null,37.82000000,20.000,1,,2014-06-12 15:54:54,2015-02-10 08:51:17,1,
1,STOCK-LYON,,,47 RUE JEAN JAURES,42190,CHARLIEU,35908,0025915,0,0025915-LYNX 26W/840 G24D32P,,,6.00000000,20.000,1,,2015-02-04 08:11:36,2015-02-04 08:23:47,100,
1,STOCK-LYON,,,47 RUE JEAN JAURES,42190,CHARLIEU,35907,0025927,0,0025927-LYNX 26W/840 G24Q34P,,,6.40000000,20.000,1,,2015-02-04 08:07:20,2015-02-06 08:04:49,90,
1,STOCK-LYON,,,47 RUE JEAN JAURES,42190,CHARLIEU,35909,42840_05,0,42840/05-DULUX 42W/21-840 GX24Q4,,,12.00000000,20.000,1,,2015-02-04 08:17:20,2015-02-10 08:39:40,1,
1,STOCK-LYON,,,47 RUE JEAN JAURES,42190,CHARLIEU,34260,EN-COL20-B,0,COLLERETTE BLANCHE,,,4.00000000,20.000,1,,2014-08-26 15:09:32,2015-02-05 14:47:41,-80,
1,STOCK-LYON,,,47 RUE JEAN JAURES,42190,CHARLIEU,34261,EN-COL20-BO,0,COLLERETTE BLANCHE ORIENTABLE,,,6.00000000,20.000,1,,2014-08-26 15:16:35,2015-02-05 14:47:41,-6,
1,STOCK-LYON,,,47 RUE JEAN JAURES,42190,CHARLIEU,35906,17057,0,AMPOULE SPHERE E14 5W,,,8.50000000,20.000,1,,2015-02-03 11:35:42,2015-02-10 08:39:39,5,
1,STOCK-LYON,,,47 RUE JEAN JAURES,42190,CHARLIEU,1543,63148,0,"TERMA APPLIQUE CHROME LED 4,2W 4000K",,null,83.00000000,20.000,1,,2014-06-12 15:54:48,2015-02-10 08:39:39,1,
1,STOCK-LYON,,,47 RUE JEAN JAURES,42190,CHARLIEU,1560,63186,0,AMBO APPLIQUE NICKEL MAT 1L E27 15W,,null,78.74000000,20.000,1,,2014-06-12 15:54:48,2015-02-10 08:44:40,0,
1,STOCK-LYON,,,47 RUE JEAN JAURES,42190,CHARLIEU,1967,71382,0,PROJECT PROJECTEUR GRIS 1L E27 PAR38 20W,,null,84.20000000,20.000,1,,2014-06-12 15:54:53,2015-02-10 08:39:40,1,
1,STOCK-LYON,,,47 RUE JEAN JAURES,42190,CHARLIEU,2067,73115,0,SENSOR BLANC,,null,21.50000000,20.000,1,,2014-06-12 15:54:55,2015-02-10 08:39:40,5,
1,STOCK-LYON,,,47 RUE JEAN JAURES,42190,CHARLIEU,35910,01991302,0,PATERE FIXATION NOIR POUR PROJECTEURS,,,27.80000000,20.000,1,,2015-02-10 08:49:37,2015-02-10 08:51:34,1,
